Bed,year,n,percent_clap,percent_clap_wt
KSH1,2017.0,57.0,3.3736752513763943,1.8621575664652965
KSH2,2017.0,6.0,2.9777013754098935,2.0194025057080607
