Bed,year,n,percent_clap,percent_clap_wt
KSH1,2017.0,57.0,3.3460271581335896,1.8550072207404629
KSH2,2017.0,6.0,2.942500026192491,2.0009268611718425
