year,District,Bed,ratio_bar,ll,ul
2017.0,KSH,KSH1,0.09862574942133331,0.09715731533786763,0.10022563402330491
2017.0,KSH,KSH2,0.09912839699704735,0.09454693078679999,0.10317833730984115
