year,Bed,ll,meat,ul,GHL.05,lowGHL.05,highGHL.05,GHL.10,lowGHL.10,highGHL.10
2017.0,KSH1,141352.73737538338,194559.53687725612,254866.56136563464,9727.976843862807,7067.636868769169,12743.328068281733,19455.953687725614,14135.273737538339,25486.656136563466
2017.0,KSH2,2569.519628685338,8812.898177620486,15394.606988572588,440.6449088810243,128.4759814342669,769.7303494286294,881.2898177620486,256.9519628685338,1539.4606988572589
