Bed,ll,meat,ul,GHL.05,lowGHL.05,highGHL.05,GHL.10,lowGHL.10,highGHL.10
KSH1,134051.01311845225,187151.61474179817,244503.1159788822,9357.58073708991,6702.550655922612,12225.155798944112,18715.16147417982,13405.101311845225,24450.311597888223
KSH2,2454.0984371539175,8396.017178455684,14417.355216032658,419.80085892278424,122.70492185769588,720.8677608016329,839.6017178455685,245.40984371539176,1441.7355216032659
