Bed,ll,meat,ul,GHL.05,lowGHL.05,highGHL.05,GHL.10,lowGHL.10,highGHL.10
KSH1,138665.16224790318,187956.19669219392,239345.5263525991,9397.809834609696,6933.2581123951595,11967.276317629956,18795.61966921939,13866.516224790319,23934.55263525991
KSH2,2452.582901638449,8469.906126205828,14415.337156952108,423.4953063102914,122.62914508192246,720.7668578476055,846.9906126205829,245.25829016384492,1441.533715695211
